,Player,GP,MIN,PTS,FGM,FGA,FG%,3PM,3PA,3P%,FTM,FTA,FT%,OREB,DREB,REB,AST,STL,BLK,TOV,EFF
0,Damian Lillard,58,36.9,28.9,9.2,20.0,45.7,3.9,9.9,39.4,6.7,7.6,88.8,0.5,3.8,4.3,7.8,1.0,0.4,2.9,27.8
1,James Harden,61,36.7,34.4,9.9,22.7,43.5,4.4,12.6,35.2,10.1,11.8,86.1,1.0,5.3,6.4,7.4,1.7,0.9,4.5,31.8
2,Kyle Lowry,52,36.6,19.7,5.9,14.3,41.7,2.9,8.3,35.4,4.9,5.7,86.1,0.6,4.3,4.8,7.7,1.3,0.4,3.0,21.9
3,Devin Booker,62,36.1,26.1,8.8,18.0,48.7,2.0,5.6,36.0,6.5,7.1,91.6,0.4,3.7,4.2,6.6,0.7,0.3,3.9,24.0
4,Bradley Beal,57,36.0,30.5,10.4,22.9,45.5,3.0,8.4,35.3,6.8,8.0,84.2,0.9,3.3,4.2,6.1,1.2,0.4,3.4,25.4
5,CJ McCollum,62,36.0,22.5,8.9,19.5,45.3,2.8,7.4,38.0,2.0,2.6,75.0,0.7,3.4,4.1,4.3,0.7,0.6,1.9,19.1
6,Russell Westbrook,53,35.9,27.5,10.7,22.6,47.4,1.0,3.8,25.4,5.1,6.5,77.7,1.8,6.3,8.0,7.0,1.7,0.3,4.5,26.7
7,Ben Simmons,54,35.8,16.7,6.7,11.4,58.5,0.0,0.1,33.3,3.3,5.3,62.7,2.0,5.8,7.8,8.2,2.1,0.6,3.6,25.2
8,Fred VanVleet,48,35.8,17.6,6.0,14.6,40.9,2.7,7.0,38.8,2.9,3.5,84.3,0.4,3.4,3.8,6.6,1.9,0.3,2.3,18.7
9,Pascal Siakam,53,35.5,23.6,8.7,18.9,45.9,2.2,6.0,35.9,4.2,5.2,80.0,1.1,6.5,7.5,3.6,1.0,0.9,2.5,23.0
10,Trae Young,60,35.3,29.6,9.1,20.8,43.7,3.4,9.5,36.1,8.0,9.3,86.0,0.5,3.7,4.3,9.3,1.1,0.1,4.8,26.6
11,Shai Gilgeous-Alexander,63,35.1,19.3,7.0,14.8,47.3,1.2,3.5,35.1,4.0,5.0,80.1,0.7,5.4,6.1,3.3,1.1,0.7,1.9,19.8
12,Devonte' Graham,63,35.1,18.2,5.8,15.3,38.2,3.5,9.3,37.3,3.0,3.7,82.0,0.7,2.7,3.4,7.5,1.0,0.2,2.9,17.3
13,Jrue Holiday,55,34.9,19.6,7.7,16.9,45.2,2.1,5.9,35.7,2.2,3.1,70.0,1.3,3.6,4.9,6.9,1.7,0.8,2.9,20.7
14,Harrison Barnes,64,34.9,14.7,5.1,11.1,45.9,1.5,3.8,38.3,3.1,3.8,80.3,1.0,3.8,4.8,2.4,0.6,0.2,1.3,14.6
15,LeBron James,60,34.9,25.7,9.8,19.6,49.8,2.2,6.4,34.9,4.0,5.7,69.7,1.0,6.9,7.9,10.6,1.2,0.5,4.0,30.4
16,Zach LaVine,60,34.8,25.5,9.0,20.0,45.0,3.1,8.1,38.0,4.5,5.6,80.2,0.7,4.1,4.8,4.2,1.5,0.5,3.4,21.0
17,Domantas Sabonis,62,34.8,18.5,7.4,13.7,54.0,0.3,1.1,25.4,3.5,4.8,72.3,3.0,9.4,12.4,5.0,0.8,0.5,2.7,26.8
18,Jayson Tatum,59,34.6,23.6,8.5,18.9,44.8,2.8,7.1,39.8,3.8,4.7,80.6,1.0,6.1,7.1,2.9,1.4,0.9,2.2,22.3
19,Kelly Oubre Jr.,56,34.5,18.7,6.7,14.8,45.2,1.9,5.5,35.2,3.4,4.4,78.0,1.2,5.3,6.4,1.5,1.3,0.7,1.5,18.1
20,Rudy Gobert,62,34.5,15.1,5.7,8.2,69.8,0.0,0.0,0.0,3.7,5.9,62.1,3.4,10.3,13.7,1.5,0.8,2.0,1.9,26.4
21,Tobias Harris,65,34.5,19.4,7.6,16.1,47.2,1.8,5.0,36.2,2.4,2.9,80.6,0.8,5.9,6.8,3.2,0.8,0.5,1.5,20.0
22,P.J. Tucker,64,34.4,7.1,2.5,5.8,43.3,1.5,4.0,37.0,0.6,0.7,84.1,1.6,5.3,6.9,1.6,1.1,0.5,1.0,12.7
23,Andrew Wiggins,54,34.4,21.8,8.1,18.1,44.7,2.1,6.2,33.2,3.5,5.0,70.9,1.2,3.9,5.1,3.7,0.8,1.0,2.4,18.4
24,Donovan Mitchell,63,34.4,24.2,8.9,19.6,45.3,2.5,6.8,36.4,4.0,4.6,85.9,0.7,3.7,4.4,4.2,1.0,0.2,2.7,20.0
25,Terry Rozier,63,34.4,18.0,6.3,14.9,42.3,2.7,6.7,40.7,2.6,3.0,87.4,0.8,3.6,4.4,4.1,1.0,0.2,2.2,16.4
26,Bam Adebayo,65,34.4,16.2,6.3,11.1,56.7,0.0,0.2,7.7,3.6,5.3,69.0,2.5,8.0,10.5,5.1,1.2,1.3,2.8,25.1
27,Anthony Davis,55,34.3,26.7,9.2,18.1,51.1,1.2,3.5,33.5,7.0,8.3,84.5,2.3,7.1,9.4,3.1,1.5,2.4,2.5,30.5
28,Jimmy Butler,54,34.3,20.2,6.1,13.4,45.4,0.5,2.2,24.8,7.6,9.1,83.3,1.8,4.8,6.6,6.1,1.7,0.5,2.2,24.3
29,Brandon Ingram,56,34.3,24.3,8.4,18.0,46.6,2.4,6.3,38.7,5.1,5.9,85.8,0.9,5.4,6.3,4.3,1.0,0.7,3.1,22.9
30,DeMar DeRozan,61,34.3,22.2,8.2,15.7,52.6,0.1,0.5,26.7,5.5,6.6,84.3,0.6,5.0,5.6,5.6,1.0,0.2,2.4,23.8
31,Jaylen Brown,50,34.0,20.4,7.6,15.4,49.0,2.1,5.6,38.1,3.2,4.3,73.6,1.1,5.3,6.4,2.2,1.1,0.3,2.3,19.1
32,Gordon Hayward,45,33.4,17.3,6.8,13.5,50.2,1.6,4.2,39.2,2.1,2.5,84.7,1.0,5.5,6.5,4.1,0.8,0.4,1.8,20.3
33,Luka Doncic,54,33.3,28.7,9.5,20.6,46.1,2.9,9.1,31.8,6.8,9.1,75.2,1.3,8.0,9.3,8.7,1.1,0.2,4.2,30.4
34,Bojan Bogdanovic,63,33.1,20.2,6.6,14.8,44.7,3.0,7.3,41.4,4.0,4.4,90.3,0.6,3.5,4.1,2.1,0.5,0.1,2.5,15.9
35,LaMarcus Aldridge,53,33.1,18.9,7.4,15.0,49.3,1.2,3.0,38.9,3.0,3.6,82.7,1.9,5.5,7.4,2.4,0.7,1.6,1.4,21.4
36,Collin Sexton,65,33.0,20.8,7.9,16.7,47.2,1.5,3.9,38.0,3.5,4.1,84.6,0.9,2.2,3.1,3.0,1.0,0.1,2.4,16.1
37,Aaron Gordon,58,33.0,14.4,5.4,12.5,43.3,1.2,3.9,30.1,2.4,3.5,67.5,1.8,5.8,7.6,3.7,0.9,0.6,1.6,17.3
38,Will Barton,58,33.0,15.1,5.7,12.7,45.0,1.9,5.0,37.5,1.8,2.3,76.7,1.3,5.0,6.3,3.7,1.1,0.5,1.5,17.5
39,Andre Drummond,57,32.9,17.7,7.3,13.8,53.3,0.1,0.6,14.3,3.0,5.2,57.5,4.4,10.8,15.2,2.7,1.9,1.6,3.6,26.9
40,Jamal Murray,55,32.8,18.8,7.0,15.4,45.5,1.9,5.5,34.5,2.9,3.2,89.3,0.8,3.2,3.9,4.8,1.2,0.3,2.3,18.0
41,Nikola Vucevic,54,32.6,19.5,7.9,16.9,47.0,1.5,4.6,32.9,2.1,2.7,78.1,2.4,8.6,11.0,3.7,0.9,0.9,1.4,25.0
42,Carmelo Anthony,50,32.5,15.3,5.8,13.6,42.6,1.4,3.9,37.1,2.3,2.7,84.3,1.2,5.0,6.3,1.6,0.8,0.5,1.7,14.4
43,T.J. Warren,61,32.5,18.7,7.5,14.2,52.9,1.1,3.0,37.5,2.5,3.0,81.2,1.0,3.0,4.0,1.4,1.1,0.4,1.3,17.1
44,Marcus Smart,53,32.5,13.5,4.5,11.9,38.0,2.4,6.9,34.8,2.0,2.4,83.5,0.8,3.1,3.8,4.8,1.6,0.5,1.7,14.8
45,Julius Randle,64,32.5,19.5,7.2,15.7,46.0,1.0,3.6,27.7,4.0,5.5,73.3,2.4,7.4,9.7,3.1,0.8,0.3,3.0,20.5
46,Lonzo Ball,56,32.4,12.4,4.6,11.2,41.2,2.5,6.5,38.3,0.7,1.2,56.7,1.1,5.1,6.2,7.0,1.4,0.5,3.1,17.4
47,D'Angelo Russell,45,32.3,23.1,8.0,18.8,42.6,3.5,9.6,36.7,3.6,4.4,80.9,0.4,3.6,3.9,6.3,1.1,0.3,3.3,19.8
48,Nikola Jokic,65,32.3,20.2,7.9,14.9,52.8,1.1,3.5,31.4,3.4,4.1,81.3,2.4,7.8,10.2,6.9,1.2,0.7,3.1,28.2
49,Kawhi Leonard,51,32.2,26.9,9.3,19.9,46.9,2.1,5.7,36.6,6.1,6.9,88.9,1.0,6.3,7.3,5.0,1.8,0.6,2.7,27.5
50,Buddy Hield,64,32.0,19.8,7.1,16.6,42.9,3.8,9.7,39.5,1.8,2.0,85.5,0.9,3.9,4.8,3.1,0.9,0.3,2.3,16.8
51,De'Andre Hunter,63,32.0,12.3,4.4,10.8,41.0,1.7,4.8,35.5,1.7,2.3,76.4,0.7,3.8,4.5,1.8,0.7,0.3,1.6,11.1
52,Kevin Love,56,31.8,17.6,5.8,13.0,45.0,2.6,7.0,37.4,3.3,3.9,85.4,1.0,8.8,9.8,3.2,0.6,0.3,2.5,21.3
53,Gary Harris,56,31.8,10.4,3.9,9.3,42.0,1.3,3.8,33.3,1.3,1.6,81.5,0.5,2.4,2.9,2.1,1.4,0.3,1.1,10.3
54,Chris Paul,63,31.8,17.7,6.3,12.8,48.9,1.6,4.4,36.2,3.6,4.0,90.0,0.3,4.6,4.9,6.8,1.6,0.1,2.2,22.0
55,Kemba Walker,50,31.8,21.2,7.0,16.6,42.1,3.3,8.8,37.7,3.9,4.5,86.7,0.7,3.4,4.1,4.9,0.9,0.5,2.1,19.3
56,De'Aaron Fox,45,31.7,20.4,7.3,15.4,47.5,1.0,3.4,30.7,4.8,6.8,70.3,0.7,3.4,4.0,6.8,1.4,0.5,3.1,19.9
57,Evan Fournier,61,31.7,18.8,6.7,14.2,47.0,2.7,6.7,40.6,2.8,3.4,82.0,0.3,2.3,2.6,3.2,1.1,0.2,2.0,15.8
58,Ricky Rubio,57,31.6,13.1,4.4,10.7,41.2,1.2,3.3,35.1,3.1,3.6,85.3,0.7,3.9,4.6,8.9,1.5,0.2,2.7,18.8
59,Marcus Morris Sr.,55,31.4,17.4,5.9,13.6,43.3,2.4,5.9,41.0,3.1,3.8,82.3,1.0,4.1,5.1,1.4,0.8,0.5,1.6,15.1
60,Kevin Huerter,56,31.4,12.2,4.5,10.9,41.3,2.3,6.0,38.0,0.9,1.1,82.8,0.6,3.4,4.1,3.8,0.9,0.5,1.6,13.3
61,Kristaps Porzingis,51,31.3,19.2,6.6,15.8,42.0,2.5,7.1,34.9,3.5,4.5,77.6,1.7,7.7,9.5,1.7,0.7,2.1,1.6,21.4
62,Hassan Whiteside,61,31.3,16.3,6.9,11.1,61.8,0.1,0.1,57.1,2.5,3.7,68.0,4.0,10.2,14.2,1.2,0.4,3.1,1.9,27.9
63,Spencer Dinwiddie,64,31.2,20.6,6.6,16.0,41.5,1.9,6.3,30.8,5.4,7.0,77.8,0.5,3.0,3.5,6.8,0.6,0.3,2.7,18.2
64,Dennis Schroder,63,31.0,19.0,7.0,15.0,46.8,1.9,5.1,38.1,3.1,3.7,83.9,0.3,3.4,3.7,4.1,0.7,0.2,2.5,16.6
65,Joe Harris,63,30.9,13.9,5.3,11.2,47.1,2.4,5.9,41.2,1.0,1.3,74.7,1.0,3.4,4.3,2.1,0.6,0.3,1.5,13.4
66,Giannis Antetokounmpo,57,30.9,29.6,10.9,20.0,54.7,1.5,4.8,30.6,6.3,10.0,63.3,2.3,11.5,13.7,5.8,1.0,1.0,3.7,34.8
67,Darius Garland,59,30.9,12.3,4.7,11.8,40.1,1.8,5.0,35.5,1.1,1.2,87.5,0.5,1.4,1.9,3.9,0.7,0.1,2.6,9.1
68,Al Horford,60,30.8,12.0,4.8,10.9,44.2,1.5,4.4,33.7,0.9,1.2,75.3,1.5,5.3,6.9,4.1,0.9,0.9,1.1,17.3
69,Josh Richardson,48,30.7,13.8,5.1,12.0,42.9,1.5,4.5,32.7,2.1,2.7,78.9,0.8,2.6,3.4,3.1,0.9,0.7,1.9,12.6
70,Miles Bridges,65,30.7,13.0,4.9,11.6,42.4,1.5,4.6,33.0,1.6,2.0,80.9,1.4,4.2,5.6,1.8,0.6,0.7,1.5,13.1
71,Malcolm Brogdon,48,30.7,16.3,6.0,13.7,43.9,1.3,4.1,31.3,3.0,3.4,89.5,0.8,3.9,4.7,7.1,0.7,0.2,2.4,18.6
72,Danilo Gallinari,55,30.7,19.2,6.0,13.6,43.9,3.0,7.3,40.9,4.3,4.8,88.6,0.6,4.9,5.5,2.1,0.7,0.1,1.3,18.1
73,RJ Barrett,56,30.4,14.3,5.2,13.0,40.2,1.1,3.5,32.0,2.8,4.5,61.4,0.9,4.1,5.0,2.6,1.0,0.3,2.2,11.4
74,P.J. Washington,58,30.3,12.2,4.6,10.2,45.5,1.5,4.0,37.4,1.5,2.3,64.7,1.0,4.4,5.4,2.1,0.9,0.8,1.6,13.5
75,Tristan Thompson,57,30.2,12.0,5.1,9.9,51.2,0.2,0.4,39.1,1.7,2.8,61.5,4.0,6.2,10.1,2.1,0.6,0.9,1.8,18.0
76,Khris Middleton,55,30.1,21.1,7.7,15.5,49.9,2.4,5.8,41.8,3.2,3.6,90.8,0.7,5.5,6.2,4.1,0.9,0.1,2.1,22.3
77,Robert Covington,62,30.1,12.8,4.5,10.5,43.2,2.4,6.8,34.9,1.4,1.7,79.6,0.9,5.5,6.4,1.2,1.5,1.3,1.5,15.4
78,OG Anunoby,63,30.1,10.7,4.2,8.4,50.7,1.3,3.4,38.1,0.9,1.4,68.6,1.2,4.2,5.4,1.6,1.4,0.7,1.2,14.0
79,Duncan Robinson,65,30.0,13.3,4.4,9.4,46.7,3.7,8.4,44.8,0.7,0.8,90.6,0.1,3.1,3.3,1.4,0.5,0.2,0.9,12.7
80,Danuel House Jr.,58,30.0,10.2,3.6,8.3,42.7,1.9,5.4,36.3,1.2,1.5,80.0,1.0,3.3,4.2,1.3,1.1,0.6,0.8,11.6
81,Ja Morant,59,30.0,17.6,6.7,13.6,49.1,0.9,2.4,36.7,3.5,4.5,77.0,0.7,2.8,3.5,6.9,0.9,0.3,3.2,18.1
82,Joe Ingles,64,29.9,9.8,3.4,7.7,44.1,1.9,4.8,39.7,1.0,1.3,77.4,0.4,3.6,4.0,5.2,0.9,0.1,1.9,13.4
83,Kendrick Nunn,62,29.8,15.6,6.1,13.7,44.8,2.1,5.8,36.2,1.2,1.5,83.7,0.3,2.4,2.7,3.4,0.8,0.2,1.6,13.3
84,Lauri Markkanen,50,29.8,14.7,5.0,11.8,42.5,2.2,6.3,34.4,2.5,3.1,82.4,1.2,5.1,6.3,1.5,0.8,0.5,1.6,14.8
85,Dorian Finney-Smith,64,29.7,9.3,3.3,7.1,46.8,1.5,4.1,37.4,1.1,1.5,72.2,2.0,3.5,5.5,1.5,0.7,0.6,1.0,12.4
86,Myles Turner,55,29.6,11.8,4.2,9.4,45.1,1.4,4.2,33.6,2.0,2.6,75.0,1.3,5.3,6.5,1.1,0.8,2.2,1.2,15.4
87,Cedi Osman,65,29.4,11.0,4.1,9.4,43.7,1.9,4.9,38.3,1.0,1.4,67.0,0.6,3.0,3.6,2.4,0.8,0.2,1.4,10.9
88,Lou Williams,60,29.3,18.7,6.1,14.7,41.6,1.8,4.9,36.3,4.6,5.4,86.3,0.5,2.6,3.1,5.7,0.7,0.2,2.9,16.1
89,Davis Bertans,54,29.3,15.4,4.9,11.3,43.4,3.7,8.7,42.4,1.9,2.3,85.2,0.6,3.9,4.5,1.7,0.7,0.6,1.1,15.2
90,Jae Crowder,58,29.2,10.4,3.4,8.8,38.4,1.9,6.1,31.8,1.6,2.1,78.5,0.8,5.3,6.1,2.6,1.2,0.4,1.1,13.6
91,Royce O'Neale,64,29.1,6.3,2.2,5.0,43.9,1.3,3.3,38.9,0.6,0.8,73.5,0.3,5.0,5.3,2.5,0.7,0.4,0.8,11.5
92,Glenn Robinson III,60,29.1,11.8,4.7,9.6,48.6,1.2,3.2,38.7,1.2,1.4,86.7,1.3,3.0,4.3,1.6,0.9,0.3,0.9,12.9
93,Taurean Prince,64,29.0,12.1,4.3,11.5,37.6,2.3,6.7,33.9,1.1,1.4,79.8,0.8,5.2,6.0,1.8,0.9,0.4,2.0,11.7
94,Damion Lee,49,29.0,12.7,4.3,10.4,41.7,1.7,4.9,35.6,2.2,2.6,87.3,0.7,4.2,4.9,2.7,1.0,0.1,1.4,13.6
95,Tomas Satoransky,65,28.9,9.9,3.6,8.5,43.0,1.0,3.1,32.2,1.6,1.9,87.6,1.2,2.7,3.9,5.4,1.2,0.1,2.0,13.5
96,Tim Hardaway Jr.,63,28.8,15.8,5.5,12.6,43.7,2.9,7.2,40.7,1.9,2.4,80.1,0.4,2.8,3.1,2.0,0.6,0.1,1.0,13.1
97,Dillon Brooks,65,28.5,15.7,5.7,14.2,40.2,2.0,5.5,36.9,2.2,2.7,80.9,0.9,2.3,3.3,2.0,0.9,0.4,1.7,11.5
98,Bogdan Bogdanovic,53,28.5,14.5,5.2,12.1,43.3,2.6,7.2,36.1,1.4,2.0,72.4,0.3,2.9,3.2,3.2,1.0,0.3,1.7,13.1
99,Nemanja Bjelica,64,28.5,11.9,4.5,9.4,47.5,2.0,4.6,42.4,0.9,1.1,82.2,1.7,4.8,6.4,2.8,0.8,0.5,1.4,15.9
100,Goran Dragic,54,28.4,16.1,5.4,12.3,43.7,2.2,5.8,37.7,3.1,4.1,76.9,0.5,2.6,3.1,5.1,0.6,0.1,2.5,14.6
101,Markelle Fultz,64,28.3,12.1,5.0,10.6,47.3,0.5,1.8,25.4,1.6,2.2,72.3,0.5,2.8,3.3,5.2,1.3,0.2,2.0,13.8
102,Bruce Brown,58,28.2,8.9,3.4,7.7,44.3,0.6,1.7,34.4,1.5,2.1,73.9,1.1,3.7,4.7,4.0,1.1,0.5,1.7,12.6
103,Trevor Ariza,53,28.2,8.0,2.7,6.1,43.8,1.5,3.9,37.2,1.2,1.4,83.8,0.6,4.0,4.6,1.7,1.3,0.3,1.1,11.2
104,Garrett Temple,55,28.1,10.3,3.6,9.5,37.8,2.0,6.3,32.4,1.0,1.3,76.7,0.5,2.9,3.5,2.6,0.8,0.5,1.0,10.3
105,Jeremy Lamb,46,28.1,12.5,4.7,10.4,45.1,1.2,3.4,33.5,2.0,2.4,83.6,0.5,3.8,4.3,2.1,1.2,0.5,1.1,13.5
106,Jaren Jackson Jr.,54,28.0,16.9,6.1,13.0,46.8,2.5,6.3,39.7,2.3,3.1,74.1,1.0,3.7,4.7,1.4,0.7,1.6,1.7,15.9
107,Montrezl Harrell,63,27.8,18.6,7.5,12.9,58.0,0.0,0.3,0.0,3.7,5.6,65.8,2.6,4.5,7.1,1.7,0.6,1.1,1.7,20.1
108,Tony Snell,59,27.8,8.0,2.9,6.5,44.5,1.7,4.3,40.2,0.5,0.5,100,0.2,1.7,1.9,2.2,0.5,0.3,0.5,8.7
109,Eric Paschall,60,27.6,14.0,5.3,10.7,49.7,0.6,2.2,28.7,2.7,3.5,77.4,1.4,3.2,4.6,2.1,0.5,0.2,1.6,13.7
110,Landry Shamet,47,27.5,9.7,3.1,7.5,41.6,2.2,5.7,39.2,1.2,1.3,90.5,0.1,1.8,1.9,1.9,0.4,0.2,0.8,8.8
111,Serge Ibaka,50,27.5,16.0,6.5,12.5,51.8,1.3,3.3,39.8,1.8,2.4,74.8,2.1,6.2,8.3,1.5,0.5,0.8,2.0,18.5
112,Josh Hart,57,27.4,10.2,3.5,8.4,41.6,1.9,5.7,34.2,1.2,1.6,74.7,0.9,5.5,6.5,1.6,1.0,0.4,1.1,13.2
113,Alec Burks,59,27.3,15.1,4.8,11.9,40.4,1.7,4.6,36.6,3.8,4.3,89.6,0.7,3.7,4.4,2.9,1.0,0.3,1.4,14.7
114,Terrence Ross,63,27.3,14.8,5.0,12.3,40.7,2.6,7.2,35.7,2.2,2.6,84.5,0.2,3.0,3.2,1.2,1.1,0.3,1.0,11.9
115,Mikal Bridges,65,27.3,8.7,3.2,6.3,51.6,0.9,2.4,35.2,1.4,1.6,84.8,0.9,3.1,4.0,1.8,1.4,0.6,1.0,12.2
116,Eric Bledsoe,56,27.2,15.4,5.7,11.8,48.2,1.3,3.6,34.8,2.8,3.4,81.3,0.7,3.9,4.6,5.4,0.9,0.4,2.5,17.6
117,Tyler Herro,47,27.2,12.9,4.7,11.3,41.4,2.1,5.4,39.1,1.4,1.7,83.5,0.3,3.7,4.0,1.9,0.6,0.1,1.5,11.1
118,Patrick Beverley,48,27.1,7.9,2.9,6.8,42.8,1.6,4.1,37.9,0.6,0.9,65.9,1.2,4.2,5.4,3.7,1.1,0.5,1.3,13.2
119,Steven Adams,58,27.0,10.9,4.5,7.6,59.1,0.0,0.1,33.3,1.9,3.2,59.0,3.4,6.0,9.4,2.4,0.9,1.1,1.5,18.8
120,Cam Reddish,58,26.7,10.5,3.7,9.6,38.4,1.4,4.3,33.2,1.7,2.2,80.2,0.6,3.1,3.7,1.5,1.1,0.5,1.7,9.3
121,Brook Lopez,61,26.6,11.0,4.0,9.4,42.7,1.4,4.7,29.6,1.6,2.0,81.0,0.7,3.8,4.5,1.6,0.7,2.4,1.0,13.4
122,JJ Redick,54,26.4,14.9,4.6,10.3,45.0,2.9,6.4,45.2,2.7,3.0,90.2,0.2,2.4,2.6,2.0,0.4,0.2,1.2,12.8
123,Larry Nance Jr.,56,26.3,10.1,4.1,7.7,53.1,1.0,2.8,35.2,0.9,1.3,67.6,1.9,5.4,7.3,2.2,1.0,0.4,1.1,15.9
124,Jonas Valanciunas,62,26.3,14.9,6.2,10.6,58.6,0.5,1.3,36.7,2.0,2.7,73.2,3.1,8.2,11.2,1.8,0.4,1.1,1.7,22.5
125,Jerami Grant,64,26.2,11.6,4.1,8.7,47.1,1.4,3.4,40.0,2.0,2.7,74.4,0.8,2.7,3.5,1.2,0.7,0.8,0.9,11.7
126,Ish Smith,60,26.2,10.5,4.4,9.7,45.1,0.9,2.5,36.7,0.8,1.2,68.6,0.5,2.7,3.2,4.8,0.9,0.4,1.3,12.7
127,Derrick Rose,50,26.0,18.1,7.4,15.1,49.0,0.9,2.9,30.6,2.4,2.8,87.1,0.5,1.9,2.4,5.6,0.8,0.3,2.5,16.6
128,Langston Galloway,66,25.8,10.3,3.6,8.2,43.5,2.0,5.0,39.9,1.1,1.3,85.9,0.5,1.8,2.3,1.5,0.7,0.2,0.6,9.5
129,Coby White,65,25.8,13.2,4.8,12.2,39.4,2.0,5.8,35.4,1.6,2.0,79.1,0.4,3.1,3.5,2.7,0.8,0.1,1.7,10.8
130,Jarrett Allen,64,25.7,10.6,4.2,6.5,64.6,0.0,0.1,0.0,2.3,3.7,62.0,3.0,6.4,9.5,1.3,0.6,1.3,1.1,18.5
131,Maxi Kleber,66,25.7,9.2,3.2,7.1,45.9,1.6,4.3,37.4,1.0,1.2,86.3,1.5,3.9,5.4,1.2,0.3,1.2,0.7,12.5
132,Kentavious Caldwell-Pope,63,25.5,9.5,3.5,7.4,47.2,1.4,3.5,39.4,1.2,1.5,77.9,0.6,1.5,2.1,1.7,0.8,0.2,0.9,9.2
133,Bryn Forbes,63,25.1,11.2,3.8,9.2,41.7,2.3,6.0,38.8,1.2,1.4,83.3,0.2,1.8,2.0,1.7,0.5,0.0,0.9,8.9
134,Danny Green,61,25.1,8.2,2.9,7.0,41.9,1.9,4.9,37.8,0.5,0.7,72.7,0.7,2.7,3.4,1.4,1.2,0.5,0.9,9.6
135,Kent Bazemore,64,25.1,8.7,2.9,7.7,37.4,1.2,3.6,34.2,1.7,2.2,76.8,0.4,4.0,4.3,1.3,1.1,0.6,1.3,9.4
136,Josh Okogie,62,25.0,8.6,2.7,6.4,42.7,0.7,2.5,26.6,2.5,3.1,79.6,1.4,2.9,4.3,1.6,1.1,0.4,1.4,10.3
137,Kris Dunn,51,24.9,7.3,3.0,6.7,44.4,0.6,2.2,25.9,0.8,1.1,74.1,0.5,3.2,3.6,3.4,2.0,0.3,1.3,11.3
138,Justin Holiday,65,24.9,8.4,2.9,6.6,44.0,1.9,4.4,42.4,0.7,0.9,78.0,0.5,2.7,3.2,1.3,1.2,0.6,0.6,10.2
139,Troy Brown Jr.,61,24.9,9.7,3.8,8.3,45.3,0.8,2.4,34.5,1.4,1.9,75.4,1.0,4.3,5.3,2.3,1.2,0.1,1.1,12.7
140,Dejounte Murray,58,24.9,10.7,4.4,9.3,47.5,0.6,1.6,37.8,1.3,1.6,79.8,1.2,4.6,5.8,4.1,1.7,0.3,1.9,15.5
141,Thaddeus Young,64,24.9,10.3,4.2,9.4,44.8,1.2,3.5,35.6,0.7,1.1,58.3,1.5,3.5,4.9,1.8,1.4,0.4,1.6,11.6
142,Jeff Teague,59,24.8,10.9,3.6,8.3,43.6,0.7,2.0,36.8,2.9,3.3,87.3,0.5,1.9,2.4,5.2,0.7,0.3,2.0,12.5
143,D.J. Augustin,49,24.8,10.4,3.2,8.1,39.3,1.2,3.6,34.5,2.8,3.2,88.5,0.4,1.9,2.2,4.6,0.6,0.0,1.4,11.1
144,Dario Saric,58,24.8,10.1,3.7,8.1,46.2,1.3,3.7,34.1,1.4,1.6,83.2,1.5,4.4,5.9,1.9,0.6,0.3,1.2,12.9
145,Wesley Matthews,62,24.7,7.5,2.6,6.5,39.7,1.6,4.5,36.5,0.8,1.0,76.2,0.3,2.2,2.6,1.5,0.6,0.1,0.7,7.5
146,Kyle Kuzma,54,24.6,12.5,4.7,10.9,43.2,1.3,4.4,29.7,1.8,2.4,73.8,0.9,3.6,4.5,1.3,0.4,0.4,1.6,10.6
147,Derrick Jones Jr.,51,24.5,8.9,3.3,6.3,51.4,0.7,2.5,27.0,1.7,2.2,77.9,1.1,3.1,4.2,1.1,1.1,0.7,0.5,11.9
148,Seth Curry,59,24.5,12.6,4.5,9.0,50.0,2.3,5.1,45.3,1.3,1.5,84.1,0.4,1.9,2.4,2.0,0.6,0.1,1.0,11.9
149,Avery Bradley,49,24.2,8.6,3.5,7.8,44.4,1.3,3.5,36.4,0.4,0.5,83.3,0.4,2.0,2.3,1.3,0.9,0.1,1.0,7.9
150,Jordan Clarkson,63,24.2,15.1,5.6,12.0,46.5,2.1,5.6,36.8,1.9,2.3,84.1,0.7,1.9,2.7,2.0,0.7,0.2,1.3,12.6
151,Derrick Favors,45,24.2,9.2,4.2,6.8,62.0,0.0,0.2,14.3,0.8,1.4,58.1,3.3,6.6,9.9,1.7,0.6,1.0,1.1,18.0
152,Shabazz Napier,51,24.2,10.3,3.3,8.1,41.2,1.4,4.4,32.0,2.3,2.8,82.3,0.5,2.4,2.9,5.0,1.3,0.2,2.2,12.2
153,Derrick White,61,24.1,10.4,3.5,7.6,45.9,0.9,2.6,35.6,2.5,2.9,85.7,0.5,2.7,3.2,3.4,0.6,0.9,1.2,12.7
154,Cory Joseph,64,24.0,6.3,2.4,5.8,42.0,0.7,2.1,35.1,0.8,0.9,82.8,0.6,2.0,2.5,3.4,0.7,0.3,1.0,8.8
155,Jarrett Culver,63,23.9,9.2,3.7,9.0,40.4,1.0,3.5,29.9,0.9,1.9,46.2,1.1,2.3,3.4,1.7,0.9,0.6,1.3,8.2
156,Daniel Theis,58,23.8,9.3,3.7,6.6,56.5,0.4,1.4,32.1,1.4,1.8,76.4,2.2,4.3,6.6,1.6,0.6,1.3,0.8,15.3
157,Aaron Holiday,58,23.6,9.4,3.5,8.6,40.7,1.4,3.5,39.4,1.1,1.2,86.1,0.4,1.9,2.3,3.3,0.8,0.2,1.3,9.5
158,Terrance Ferguson,50,23.4,4.2,1.5,4.0,37.2,0.9,3.1,29.7,0.3,0.4,78.9,0.5,1.0,1.5,0.9,0.5,0.3,0.6,4.2
159,Austin Rivers,60,23.4,8.5,3.0,7.2,42.1,1.4,3.9,35.8,1.0,1.5,66.7,0.4,2.0,2.4,1.6,0.7,0.2,0.6,8.0
160,Kevin Porter Jr.,50,23.2,10.0,3.7,8.4,44.2,1.1,3.2,33.5,1.5,2.0,72.3,0.4,2.8,3.2,2.2,0.9,0.3,1.9,9.5
161,Donte DiVincenzo,59,23.1,9.4,3.5,7.7,46.2,1.3,3.7,34.4,1.0,1.3,76.9,1.0,3.9,4.9,2.3,1.4,0.3,1.2,12.6
162,Cody Zeller,58,23.1,11.1,4.3,8.3,52.4,0.3,1.3,24.0,2.1,3.1,68.2,2.8,4.3,7.1,1.5,0.7,0.4,1.3,14.6
163,Mitchell Robinson,61,23.1,9.7,4.1,5.6,74.2,0.0,0.0,0.0,1.4,2.4,56.8,3.0,4.0,7.0,0.6,0.9,2.0,0.6,17.0
164,Maurice Harkless,62,23.0,5.8,2.3,4.6,50.2,0.5,1.6,34.7,0.6,1.1,59.1,0.9,3.0,3.9,1.1,0.9,0.5,0.9,8.6
165,Ben McLemore,63,22.8,9.8,3.3,7.5,44.5,2.4,6.2,39.5,0.7,1.0,75.8,0.3,1.9,2.2,0.9,0.6,0.2,0.7,8.6
166,Patty Mills,63,22.7,11.7,3.9,9.1,42.9,2.3,6.2,38.0,1.5,1.7,86.1,0.3,1.3,1.6,1.8,0.8,0.1,0.8,9.7
167,Svi Mykhailiuk,56,22.6,9.0,3.0,7.2,41.0,2.1,5.1,40.4,1.0,1.3,81.4,0.3,1.6,1.9,1.9,0.7,0.1,1.1,8.0
168,Jordan Poole,57,22.4,8.8,2.9,8.8,33.3,1.3,4.6,27.9,1.7,2.1,79.8,0.2,1.9,2.1,2.4,0.6,0.2,1.3,6.4
169,DeAndre Jordan,56,22.0,8.3,3.4,5.1,66.6,0.0,0.0,0.0,1.5,2.2,68.0,2.5,7.5,10.0,1.9,0.3,0.9,1.3,17.7
170,Malik Beasley,55,22.0,11.2,4.1,9.7,42.5,1.9,5.0,38.8,1.0,1.2,81.8,0.3,2.4,2.7,1.4,0.7,0.1,1.0,9.3
171,Furkan Korkmaz,64,21.8,9.7,3.5,8.0,43.2,2.0,5.0,39.7,0.8,1.1,73.6,0.3,2.1,2.3,1.1,0.6,0.2,0.8,8.3
172,Delon Wright,65,21.7,7.3,2.8,5.9,47.0,0.7,1.8,38.5,1.1,1.4,78.9,1.0,3.0,4.0,3.4,1.2,0.3,1.0,11.7
173,Brandon Clarke,50,21.7,12.0,5.1,8.2,62.3,0.4,1.0,40.4,1.5,1.9,78.5,1.6,4.3,5.8,1.4,0.5,0.8,0.9,16.3
174,Monte Morris,65,21.6,8.4,3.4,7.4,45.9,0.8,2.2,37.5,0.8,1.0,82.3,0.3,1.4,1.7,3.5,0.8,0.2,0.7,9.9
175,Rudy Gay,60,21.5,10.0,3.7,8.4,44.2,1.0,3.1,31.4,1.7,1.9,87.6,0.9,4.4,5.4,1.7,0.4,0.5,1.3,11.8
176,Anfernee Simons,65,21.5,8.8,3.2,8.1,40.2,1.1,3.4,33.8,1.2,1.4,82.6,0.4,1.9,2.3,1.5,0.4,0.2,0.9,7.1
177,Christian Wood,62,21.4,13.1,4.6,8.2,56.7,0.9,2.3,38.6,2.9,3.9,74.4,1.7,4.6,6.3,1.0,0.5,0.9,1.4,15.8
178,Markieff Morris,52,21.3,10.1,3.6,8.2,44.5,1.6,4.0,38.6,1.3,1.6,78.3,0.7,3.2,3.8,1.4,0.5,0.3,1.4,9.8
179,Malik Monk,55,21.3,10.3,3.9,8.9,43.4,1.1,3.7,28.4,1.5,1.8,82.0,0.5,2.4,2.9,2.1,0.5,0.3,1.4,9.2
180,George Hill,52,21.2,9.6,3.4,6.5,53.0,1.4,2.9,48.0,1.3,1.6,83.1,0.9,2.1,3.0,2.9,0.8,0.1,0.9,12.1
181,Bobby Portis,66,21.1,10.1,4.0,8.9,45.0,1.0,2.8,35.8,1.1,1.4,76.3,1.2,3.9,5.1,1.5,0.5,0.3,1.1,11.1
182,Frank Ntilikina,57,20.8,6.3,2.3,5.8,39.3,0.8,2.4,32.1,0.9,1.0,86.4,0.4,1.7,2.1,3.0,0.9,0.3,1.2,7.7
183,JaMychal Green,55,20.5,6.5,2.3,5.5,41.4,1.3,3.7,36.3,0.6,0.8,72.7,1.4,5.0,6.3,0.8,0.5,0.4,0.8,10.1
184,Rajon Rondo,48,20.5,7.1,2.9,6.8,41.8,0.9,2.6,32.8,0.6,0.9,65.9,0.5,2.5,3.0,5.0,0.8,0.0,1.9,9.8
185,Marquese Chriss,59,20.3,9.3,3.6,6.5,54.5,0.1,0.7,20.5,2.0,2.6,76.9,1.9,4.3,6.2,1.9,0.7,1.1,1.3,14.2
186,Willie Cauley-Stein,54,20.3,7.2,3.2,5.6,57.9,0.0,0.0,0.0,0.7,1.2,60.6,1.6,4.3,5.8,1.3,0.9,1.1,0.7,12.8
187,Cameron Johnson,49,20.3,8.1,2.8,6.6,41.8,1.9,4.7,39.7,0.7,0.9,76.1,0.8,2.1,2.9,1.1,0.6,0.3,0.6,8.3
188,Trey Lyles,63,20.2,6.4,2.4,5.4,44.6,1.0,2.7,38.7,0.5,0.7,73.3,1.1,4.6,5.7,1.1,0.4,0.4,0.6,10.3
189,Meyers Leonard,49,20.1,6.1,2.4,4.6,52.0,1.0,2.4,42.9,0.3,0.5,65.4,0.6,4.5,5.1,1.1,0.3,0.3,0.7,9.8
190,Gary Trent Jr.,53,20.0,7.7,2.8,6.6,42.6,1.5,3.8,38.8,0.6,0.7,83.3,0.4,1.3,1.7,0.9,0.7,0.2,0.4,7.0
191,Doug McDermott,62,20.0,10.4,3.9,7.9,49.1,1.9,4.3,44.5,0.7,0.8,82.7,0.4,2.1,2.5,1.1,0.1,0.1,0.6,9.4
192,Matisse Thybulle,57,19.5,4.7,1.7,4.1,41.0,0.9,2.5,35.2,0.4,0.7,61.0,0.6,0.9,1.5,1.2,1.4,0.7,0.8,6.0
193,Bismack Biyombo,53,19.4,7.4,2.8,5.2,54.3,0.0,0.0,0.0,1.7,2.8,60.3,2.3,3.5,5.8,0.9,0.2,0.9,0.9,10.8
194,Marvin Williams,52,19.4,6.1,2.1,4.8,44.2,1.0,2.8,36.1,0.9,1.0,87.0,0.4,2.5,2.8,1.1,0.7,0.5,0.5,7.9
195,De'Anthony Melton,52,19.4,8.1,2.8,6.8,41.9,0.7,2.3,31.6,1.7,2.0,82.1,0.7,3.0,3.7,3.0,1.3,0.3,1.5,10.6
196,Brad Wanamaker,63,19.3,6.6,2.2,5.0,42.8,0.5,1.4,36.7,1.7,1.8,93.1,0.3,1.7,2.0,2.5,0.8,0.2,1.1,7.9
197,Kyle Anderson,59,19.3,5.7,2.3,4.7,49.3,0.3,1.1,25.8,0.7,1.1,65.2,0.9,3.4,4.4,2.2,0.8,0.5,0.9,9.8
198,Dwight Howard,62,19.2,7.5,3.0,4.1,73.2,0.0,0.1,60.0,1.4,2.9,49.4,2.5,4.9,7.4,0.7,0.4,1.2,1.2,13.5
199,Rondae Hollis-Jefferson,52,19.2,7.2,2.7,5.7,47.1,0.0,0.3,11.8,1.8,2.5,73.6,2.0,2.9,4.9,1.7,0.8,0.4,0.9,10.5
200,Tyus Jones,65,19.0,7.4,3.0,6.6,45.9,0.7,1.9,37.9,0.7,0.9,74.1,0.1,1.4,1.6,4.4,0.9,0.1,0.8,9.8
201,T.J. McConnell,63,18.9,6.5,3.0,5.7,51.7,0.1,0.2,33.3,0.5,0.6,83.3,0.5,2.1,2.6,5.0,0.7,0.2,1.4,10.7
202,Cody Martin,48,18.8,5.0,1.9,4.3,43.0,0.4,1.6,23.4,0.9,1.4,64.6,0.8,2.5,3.3,2.0,0.8,0.2,0.9,7.4
203,E'Twaun Moore,51,18.8,8.6,3.4,8.0,42.4,1.2,3.1,37.5,0.6,0.8,67.4,0.6,1.8,2.4,1.4,0.5,0.2,0.7,7.5
204,Kelly Olynyk,59,18.5,7.7,2.6,5.4,47.6,1.4,3.1,43.2,1.2,1.4,85.4,0.6,3.8,4.4,1.6,0.6,0.3,1.1,10.6
205,Solomon Hill,54,18.4,5.4,1.9,4.6,40.3,1.1,2.9,37.8,0.6,0.8,71.4,0.5,2.4,2.9,1.8,0.7,0.2,0.9,7.1
206,Nerlens Noel,55,18.4,7.7,3.2,4.6,68.5,0.0,0.1,33.3,1.4,1.8,76.5,1.5,3.4,4.9,1.0,1.0,1.5,1.0,13.3
207,Pat Connaughton,61,18.3,5.1,2.0,4.3,45.6,0.7,2.2,32.1,0.4,0.6,75.0,0.9,3.3,4.2,1.6,0.3,0.5,0.8,8.4
208,Alex Len,49,18.3,8.3,3.4,6.2,55.6,0.3,1.1,25.0,1.2,1.9,63.7,1.9,4.1,6.0,1.0,0.4,0.9,1.0,12.2
209,Ivica Zubac,64,18.1,8.0,3.2,5.3,60.1,0.0,0.0,0.0,1.7,2.2,75.9,2.6,4.6,7.2,1.1,0.2,0.9,0.8,14.0
210,Omari Spellman,49,18.1,7.6,2.6,6.0,43.1,0.9,2.2,39.1,1.5,1.9,79.3,1.6,2.9,4.5,1.0,0.7,0.5,1.1,9.2
211,Jalen Brunson,57,17.9,8.2,3.2,6.8,46.6,0.8,2.1,35.8,1.1,1.3,81.3,0.4,2.0,2.4,3.3,0.4,0.1,1.2,9.2
212,Kevin Knox II,65,17.9,6.4,2.2,6.2,35.9,1.0,3.1,32.7,1.0,1.6,65.3,0.4,2.4,2.8,0.9,0.4,0.4,0.7,5.8
213,Alex Caruso,58,17.8,5.4,1.9,4.5,42.3,0.7,1.8,35.5,1.0,1.3,76.3,0.2,1.7,1.9,1.8,1.0,0.3,0.8,6.8
214,Mike Scott,63,17.8,5.7,2.1,5.1,40.8,1.2,3.2,35.8,0.4,0.5,83.3,0.9,2.7,3.6,0.8,0.3,0.1,0.4,6.9
215,Isaac Bonga,58,17.7,4.6,1.7,3.2,52.2,0.4,0.9,40.0,0.9,1.1,81.3,1.1,2.1,3.2,1.1,0.6,0.4,0.7,7.4
216,Enes Kanter,51,17.5,8.2,3.5,6.1,56.6,0.0,0.1,14.3,1.2,1.7,70.8,2.8,5.0,7.7,1.0,0.4,0.7,1.0,13.8
217,Juancho Hernangomez,48,17.4,6.0,2.1,5.1,40.5,0.9,2.7,34.1,0.9,1.5,62.0,0.9,3.2,4.1,0.8,0.4,0.2,0.7,7.2
218,Torrey Craig,50,17.4,5.0,1.9,4.2,46.2,0.7,2.2,33.0,0.4,0.6,64.5,1.0,2.2,3.1,0.7,0.4,0.6,0.4,6.9
219,Damyean Dotson,48,17.4,6.7,2.5,6.0,41.4,1.2,3.4,36.2,0.5,0.7,66.7,0.2,1.7,1.9,1.2,0.5,0.1,0.4,6.1
220,Gorgui Dieng,58,17.4,7.4,2.7,5.9,46.1,0.9,2.4,35.9,1.1,1.4,73.5,1.5,4.3,5.8,1.2,0.8,1.0,0.9,11.7
221,James Ennis III,61,17.3,6.0,2.1,4.8,43.5,0.8,2.3,33.8,1.0,1.3,80.8,1.0,2.3,3.3,0.9,0.5,0.3,0.7,7.3
222,Darius Bazley,53,17.2,4.5,1.7,4.3,38.3,0.6,1.9,30.0,0.6,0.9,68.1,0.4,3.3,3.7,0.5,0.4,0.7,0.8,6.1
223,Nicolo Melli,52,17.1,6.8,2.4,5.3,44.2,1.3,3.5,36.1,0.8,1.2,73.3,0.7,2.3,3.0,1.3,0.6,0.4,0.8,8.0
224,Terence Davis,64,17.0,7.7,2.8,6.1,46.3,1.4,3.5,39.6,0.7,0.8,86.5,0.7,2.7,3.4,1.7,0.5,0.2,1.0,9.1
225,Jaxson Hayes,56,17.0,7.5,2.8,4.2,66.0,0.0,0.1,25.0,1.9,3.1,63.0,1.5,2.5,4.0,0.9,0.4,0.9,0.7,10.4
226,Mason Plumlee,53,17.0,7.2,2.9,4.7,61.7,0.0,0.1,0.0,1.4,2.6,53.6,1.7,3.6,5.3,2.4,0.5,0.6,1.4,11.7
227,Treveon Graham,55,16.9,4.4,1.6,4.4,36.0,0.6,2.2,27.5,0.7,1.0,64.3,0.9,1.8,2.7,0.8,0.4,0.1,0.5,4.8
228,JaVale McGee,61,16.8,6.8,3.0,4.6,64.0,0.0,0.1,50.0,0.8,1.2,65.3,1.8,4.0,5.8,0.6,0.5,1.5,0.8,12.3
229,Kyle Korver,50,16.7,6.7,2.2,5.2,42.9,1.7,4.1,41.5,0.6,0.7,82.4,0.3,1.8,2.1,1.2,0.4,0.2,0.8,6.8
230,Jakob Poeltl,58,16.6,5.3,2.3,3.8,61.9,0.0,0.0,0.0,0.6,1.3,48.6,1.8,3.6,5.3,1.8,0.5,1.4,0.8,11.5
231,Taj Gibson,62,16.5,6.1,2.7,4.6,58.4,0.1,0.2,28.6,0.7,0.9,73.2,1.8,2.5,4.3,0.8,0.4,0.5,0.8,9.3
232,Mario Hezonja,47,16.3,4.8,1.7,4.0,42.9,0.4,1.4,32.8,0.9,1.1,82.4,0.6,2.9,3.4,0.9,0.6,0.2,0.8,6.6
233,Damian Jones,55,16.1,5.6,2.2,3.2,68.0,0.0,0.2,22.2,1.1,1.5,73.8,1.3,2.4,3.7,0.6,0.5,0.7,0.5,9.2
234,Justin Jackson,58,16.0,5.7,2.1,5.4,39.9,0.8,2.6,29.8,0.6,0.8,81.8,0.5,2.0,2.4,0.8,0.2,0.2,0.2,5.8
235,Ersan Ilyasova,56,16.0,6.8,2.4,5.2,47.2,0.8,2.2,37.1,1.1,1.3,82.7,1.1,3.9,4.9,0.8,0.4,0.3,0.6,9.7
236,Ryan Arcidiacono,58,16.0,4.5,1.6,3.8,40.9,0.9,2.4,39.1,0.5,0.7,71.1,0.3,1.6,1.9,1.7,0.5,0.1,0.6,5.5
237,Abdel Nader,48,15.8,6.0,2.1,4.6,45.5,0.8,2.2,37.1,1.0,1.3,77.4,0.3,1.6,1.9,0.7,0.4,0.4,0.8,5.9
238,Emmanuel Mudiay,48,15.7,7.3,2.8,6.0,47.1,0.6,1.6,35.5,1.1,1.4,75.4,0.4,2.0,2.4,2.2,0.4,0.2,1.4,7.6
239,Anthony Tolliver,47,15.6,3.5,1.1,3.3,34.8,0.8,2.6,32.2,0.4,0.5,72.0,0.6,2.2,2.8,0.7,0.3,0.2,0.6,4.7
240,Grant Williams,62,15.6,3.5,1.3,3.1,41.7,0.3,1.4,24.7,0.6,0.8,72.5,0.9,1.7,2.7,1.0,0.5,0.5,0.7,5.4
241,Jevon Carter,50,15.1,4.6,1.6,4.1,40.0,0.9,2.3,39.3,0.4,0.5,84.0,0.5,1.5,2.0,1.3,0.8,0.3,0.6,5.7
242,Marco Belinelli,52,15.0,5.8,2.0,5.2,39.1,1.1,3.0,36.8,0.6,0.8,78.0,0.1,1.7,1.7,1.2,0.2,0.0,0.3,5.3
243,Rodney McGruder,50,15.0,3.2,1.2,3.1,39.1,0.4,1.6,27.8,0.3,0.6,53.6,0.5,2.0,2.6,0.6,0.5,0.2,0.4,4.4
244,Semi Ojeleye,61,14.6,3.1,1.1,2.6,40.9,0.6,1.6,36.7,0.4,0.5,89.3,0.4,1.6,2.0,0.5,0.3,0.1,0.2,4.3
245,Vince Carter,60,14.6,5.0,1.8,5.1,35.2,1.0,3.4,30.2,0.4,0.5,79.3,0.3,1.8,2.1,0.8,0.4,0.4,0.6,4.7
246,Mo Bamba,60,14.5,5.5,2.2,4.7,46.8,0.6,1.7,35.6,0.5,0.8,67.4,1.6,3.4,5.0,0.7,0.4,1.4,0.7,9.6
247,Lonnie Walker IV,53,14.5,5.6,2.2,5.0,43.4,0.5,1.3,40.8,0.7,1.0,71.7,0.4,1.8,2.2,0.9,0.5,0.2,0.6,5.7
248,Robin Lopez,60,14.4,5.5,2.3,4.6,50.2,0.6,1.6,34.4,0.4,0.7,53.5,0.9,1.6,2.4,0.7,0.2,0.7,0.9,6.0
249,Matthew Dellavedova,57,14.4,3.1,1.1,3.1,35.4,0.4,1.6,23.1,0.6,0.6,86.5,0.3,1.0,1.3,3.2,0.4,0.0,1.0,4.9
250,Michael Porter Jr.,48,14.0,7.5,2.9,5.9,49.5,0.9,2.1,42.2,0.7,0.9,76.7,1.1,3.0,4.1,0.7,0.4,0.4,0.7,9.2
251,Jerome Robinson,55,13.6,3.7,1.4,3.9,34.7,0.6,1.9,29.8,0.4,0.5,69.0,0.2,1.8,1.9,1.2,0.4,0.3,0.6,4.1
252,Georges Niang,58,13.3,5.8,2.1,4.6,45.3,1.3,3.2,41.6,0.3,0.4,86.4,0.2,1.7,1.9,0.6,0.2,0.1,0.4,5.6
253,Chris Boucher,55,13.2,6.3,2.2,4.7,45.8,0.5,1.8,28.3,1.5,1.9,79.6,1.7,2.7,4.4,0.4,0.4,1.0,0.4,9.1
254,Elie Okobo,54,13.1,4.0,1.3,3.4,39.8,0.5,1.3,35.2,0.9,1.2,68.7,0.3,1.3,1.6,2.1,0.4,0.1,0.7,5.1
255,Thon Maker,60,12.9,4.7,1.6,3.2,48.2,0.4,1.1,34.4,1.2,1.8,66.4,0.9,1.9,2.8,0.7,0.4,0.7,0.8,6.2
256,Frank Jackson,51,12.9,5.6,1.9,5.0,38.5,0.8,2.4,32.5,0.9,1.3,75.0,0.4,1.0,1.4,0.8,0.3,0.1,0.8,3.9
257,Bruno Fernando,56,12.7,4.3,1.8,3.6,51.8,0.1,0.7,13.5,0.5,0.9,56.9,1.2,2.3,3.5,0.9,0.3,0.3,0.8,6.5
258,Patrick Patterson,51,11.9,4.6,1.5,3.7,40.4,1.1,2.8,38.7,0.5,0.7,79.4,0.6,1.8,2.4,0.6,0.1,0.1,0.4,5.1
259,Nassir Little,48,11.9,3.6,1.4,3.1,43.0,0.3,1.2,23.7,0.6,0.9,63.6,0.6,1.6,2.3,0.5,0.3,0.3,0.3,4.4
260,Raul Neto,49,11.5,4.3,1.6,3.6,45.1,0.6,1.4,39.4,0.5,0.6,83.9,0.2,0.8,1.1,1.6,0.4,0.1,0.9,4.6
261,Tony Bradley,50,10.7,4.7,2.1,3.1,66.5,0.0,0.0,100,0.5,0.8,65.0,1.8,2.5,4.3,0.3,0.2,0.5,0.5,8.3
